#{"t_start": 1644439660.110739, "env_id": "circularroadScenario-v0"}
r,l,t
483.902341,45,1.630721
-3048.167333,229,3.485758
-178.116099,14,3.627379
-75.714675,18,3.740078
-573.140603,77,4.201094
149.539051,30,4.384604
-382.968827,17,4.490322
-3222.753081,238,5.927328
5000,1,5.93877
-427.890884,41,6.19055
83.773025,20,6.316515
-3816.621702,262,7.945143
-4413.709524,300,9.766728
-3989.361519,300,11.577258
-5719.771022,300,13.416313
-3950.898186,300,15.203544
-234.74342,46,15.488966
5053.162559,35,15.715343
-61.356715,20,15.839217
-7058.599732,300,17.663733
-356.413305,69,18.091985
-606.348843,66,18.499613
-458.354955,36,18.724176
19.882088,25,18.87728
-5256.311733,300,20.876398
-6112.808351,300,22.7578
-423.614748,34,22.962255
-1157.886799,300,24.766687
-7195.148406,300,26.969425
-846.149086,94,27.652601
773.400957,95,28.350732
-4494.230229,300,30.228089
-246.940361,9,30.289588
617.468746,50,30.597847
-6071.606983,300,32.421329
-6033.87243,300,34.259746
-6685.003734,300,36.488235
-7204.867045,300,38.312052
-5288.277418,300,40.119398
324.347017,104,40.75177
-47.17855,32,40.952045
-183.764648,33,41.15564
-4447.637494,300,42.975188
-6321.207944,300,44.77575
551.440468,41,45.03718
-3799.138824,300,46.840204
-4530.894731,300,48.704965
-434.451993,27,48.870632
-4748.723581,300,50.703775
-387.900208,22,50.840305
-5000.537886,300,52.648999
-5273.239037,300,54.484544
1220.957171,82,54.988588
-4744.608038,300,56.79642
-6027.465803,300,58.619458
-417.385085,26,58.779478
10.346834,23,58.925624
-6932.325542,300,60.721565
-410.587209,18,60.829245
-7255.103606,300,62.65863
-4942.536308,300,64.537541
-4336.162395,300,66.363685
-5032.927651,300,68.494544
-450.881778,28,68.673833
-3958.853626,300,70.484635
-3735.246102,300,72.316498
-3293.962143,300,74.145407
-3949.009804,300,75.959488
-219.727277,12,76.03925
-7257.052307,300,77.873593
-3252.635074,300,79.715786
-7312.518974,300,81.562643
-4978.909775,300,83.420268
-2877.275096,300,85.410196
-3864.513823,300,87.646219
-267.488286,10,87.728999
-4391.860248,300,89.661201
-6837.126522,300,91.465404
-2195.731748,300,93.300012
-7176.214414,300,95.122889
-5162.76722,300,96.994126
5304.002275,76,97.454168
-1112.693873,300,99.589571
-1691.978142,300,101.383464
-2660.716794,219,102.717759
-4062.630218,300,104.551295
-219.919261,145,105.44199
-326.617761,8,105.494151
-4018.195615,300,107.357851
658.719212,165,108.341735
-537.473525,72,108.786874
-23.824225,285,110.77286
6217.688907,55,111.106113
-3630.577595,300,112.940618
-167.722336,14,113.03266
-440.91028,27,113.197263
-252.690204,12,113.278316
-212.816166,205,114.546034
-3876.358873,300,116.371049
-1207.245924,206,117.613857
-2364.518096,213,118.910022
-448.859294,23,119.055318
-1488.460576,274,120.777077
-262.278607,10,120.837911
-485.925878,23,120.97954
-2222.490233,215,122.293547
89.305268,155,123.238891
-2133.979937,195,124.440653
-4433.193772,300,126.264223
289.331118,144,127.169984
-3501.216312,300,129.027391
-340.473772,17,129.133181
-4830.363003,300,131.243397
-3286.463677,300,133.10371
5014.263157,29,133.280083
-756.626461,300,135.109408
-4530.976077,300,136.944815
-1462.120473,300,138.824972
-916.454929,300,140.934767
-1228.940871,300,142.781809
-3791.777748,300,144.63073
-3275.37495,300,146.843964
-4901.898451,300,149.015159
7172.398439,123,149.771304
-453.531488,51,150.089666
-2597.218508,300,151.925823
-307.722367,9,151.983192
-4011.558378,300,153.790204
-3610.828382,254,155.336622
-1649.459555,300,157.166535
-5119.463033,300,159.00314
-4071.552003,300,160.857805
-172.867364,18,160.974676
-173.904535,13,161.061211
-193.422571,14,161.154853
-4896.70209,300,163.351069
-64.0251,300,165.513319
-2571.063283,300,167.352355
-895.418546,112,168.043462
-3935.491011,300,169.888524
-4018.310105,300,171.710376
-3967.091063,272,173.392278
132.810381,300,175.206803
-4366.698861,300,177.030292
-292.629902,41,177.280617
630.889008,300,179.127348
-1428.205299,300,180.967605
-843.698867,72,181.41319
-1576.315698,166,182.43353
1384.014281,300,184.263129
783.665054,300,186.101748
1556.275278,300,187.951334
-258.001329,98,188.560618
-177.384005,300,190.396525
-143.022675,16,190.500988
-3638.975918,300,192.321064
76.284987,300,194.18799
1909.22729,300,196.376299
7282.970208,272,198.108476
813.908532,300,200.22468
1131.237385,300,202.068602
1613.819537,300,203.896536
1422.828071,300,205.988573
1158.376855,300,208.178715
42.776025,76,208.650712
-261.423584,11,208.72253
-112.547202,17,208.831986
1541.22052,300,210.652938
1710.786845,300,212.476533
-1066.263436,300,214.315312
1479.791147,300,216.160096
913.279244,267,217.773639
-111.094416,14,217.862406
249.742145,297,219.675455
-4407.663192,300,221.508177
-3157.035552,300,223.341787
-315.140996,8,223.395035
422.071627,211,224.683656
897.088273,300,226.558492
-6400.968314,300,228.410393
922.449128,300,230.536474
1046.97721,300,232.376702
444.521086,300,234.471763
1336.540161,300,236.958114
-254.129511,16,237.075799
-197.681796,16,237.175533
6673.877456,181,238.271696
6701.213908,157,239.242944
1828.313978,300,241.096422
5439.99577,112,241.783531
681.21199,300,243.619996
948.554827,300,245.444672
1360.262259,300,247.287852
5208.550125,10,247.353236
831.879343,300,249.230154
5000,1,249.240122
1252.86433,300,251.080878
5000,1,251.091378
848.172978,300,252.946179
1623.553429,300,254.969767
1608.131227,300,256.781655
1700.313549,300,258.636281
998.907928,300,260.503804
-217.013701,16,260.607959
808.139793,300,262.760271
1276.742452,300,264.603804
1038.88446,203,266.106209
798.016118,300,268.435979
1617.589168,300,270.359797
1454.165064,300,272.142999
789.45885,300,273.98467
500.204537,300,275.833505
224.05819,300,277.70621
764.181544,300,279.559523
-181.104908,32,279.763731
980.973308,300,281.614774
604.816548,300,283.484341
1074.357396,253,285.039136
745.27425,300,286.875373
362.874122,62,287.262062
1349.229941,162,288.276425
1232.480567,222,289.673231
857.937329,162,290.685419
235.70969,300,292.517119
-666.777134,234,294.296088
-370.341494,39,294.539947
960.903246,249,296.082744
99.857231,201,297.30449
441.207512,300,299.15918
880.425352,300,300.974195
1032.374014,300,302.789688
218.554887,213,304.082078
1276.739418,300,305.935156
-176.76659,65,306.349762
-382.118675,36,306.574305
6652.875119,134,307.403568
-111.070596,56,307.752774
965.566896,300,309.575362
1366.910027,300,311.368449
-467.245673,27,311.547457
1592.54687,186,312.726749
61.655061,38,312.971187
5599.10151,296,314.794243
573.382111,300,316.62715
953.926242,300,318.577759
1457.579718,300,320.73766
-13.167025,64,321.133286
1758.124898,300,322.949715
33.906009,25,323.108408
2147.707136,300,325.02273
6624.249574,191,326.550644
160.748761,86,327.216863
1227.999073,158,328.401725
-242.986863,12,328.476529
2290.557012,176,329.573507
7789.050697,150,330.490235
1962.552436,300,332.338525
2300.575528,300,334.15806
672.756627,66,334.567063
2082.868996,300,336.491321
1596.071551,145,337.403884
10.870135,59,337.770533
6880.151255,205,339.034061
825.504021,300,340.862576
7802.046146,138,341.716682
1178.903842,91,342.274446
2166.003726,300,344.11467
1686.902791,202,345.355166
1719.569261,300,347.194019
-334.922891,300,349.02595
-146.683857,50,349.331601
5000,1,349.343569
-220.183765,13,349.430803
829.718948,300,351.283453
-216.715968,11,351.476936
788.053534,300,353.470212
1985.399991,300,355.310506
1404.742224,213,356.596131
698.22076,66,357.003206
6453.231955,254,358.565872
7588.113653,118,359.301489
1529.28819,187,360.45514
670.250171,130,361.245068
1439.059965,112,361.937288
-260.861452,20,362.067454
-281.685355,300,363.917798
1707.143817,300,365.75645
1810.180702,203,366.999655
1519.343104,134,367.822434
1319.74813,245,369.349214
1473.03953,300,371.176306
234.224286,300,373.023747
-283.175878,18,373.142045
1590.120715,119,373.870742
1704.075218,300,375.729844
5839.435371,26,375.898411
-229.445584,12,375.981625
1498.601009,300,377.822129
-527.291345,98,378.421194
324.183381,138,379.263832
1267.970348,262,380.888738
7134.44048,200,382.119978
853.363216,300,384.276156
1279.695619,300,386.438938
1216.884227,220,388.126428
696.585281,91,388.768711
-349.462263,7,388.813589
6466.778217,57,389.178837
6235.879665,52,389.500445
1641.341397,137,390.339437
331.224252,75,390.799093
54.263768,24,390.95008
-222.919635,13,391.034588
322.951498,36,391.260313
300.748525,94,391.83447
826.812711,300,393.651443
1460.582063,164,394.660039
-1934.513482,300,396.479792
-3591.876935,300,398.298944
1449.472321,195,399.483468
-318.617107,8,399.538097
988.928757,300,401.365746
211.505037,300,403.197027
660.389226,300,405.013971
-150.066185,300,406.840841
1674.038954,179,407.922921
-228.221401,13,408.002709
881.777497,300,409.856809
698.372261,88,410.429957
1747.902444,151,411.369223
1617.71545,187,412.490192
6077.975918,255,414.370434
5650.454253,68,414.791616
-260.267607,300,416.615239
111.141921,300,418.446743
-2013.852205,300,420.284637
402.995359,300,422.118372
1071.358649,300,423.950123
862.453584,300,425.805452
6417.467744,58,426.161618
-2316.060407,300,428.002119
6057.425298,206,429.262527
-205.285055,13,429.347222
-151.424061,13,429.430653
1836.217441,150,430.382506
-242.811568,16,430.482243
5519.406507,296,432.315932
6569.487581,212,433.63904
321.651586,96,434.22818
-109.698752,26,434.395019
-282.964648,10,434.457994
6471.3665,74,434.91842
-155.193664,22,435.059528
-349.66083,15,435.15359
1403.772161,300,437.004094
1444.096069,109,437.672776
919.058785,93,438.239154
6032.690974,266,439.870624
1832.180069,118,440.600653
1382.356719,100,441.21753
7041.741767,95,441.806667
1493.833232,300,443.662994
1976.854094,300,445.913887
1826.886678,300,448.387272
1724.776331,135,449.250248
-195.458387,23,449.409686
-304.347241,9,449.466136
1685.879171,179,450.548323
2432.568399,239,451.998206
242.908666,70,452.429827
-220.769539,38,452.668961
-386.3861,34,452.877147
-167.873989,15,452.975916
-326.225562,6,453.01478
-222.440277,14,453.102578
1807.090714,296,454.900926
-136.506953,17,455.007638
-259.160209,11,455.076489
7102.059756,104,455.695831
7137.36345,95,456.28465
-399.85957,4,456.314594
1042.398076,123,457.078718
-36.984081,32,457.281785
561.804631,83,457.789566
1875.595436,300,459.625295
-188.329201,15,459.72068
673.260815,300,461.561991
1975.208014,300,463.401079
6922.201194,169,464.441434
7291.364225,181,465.542784
5000,1,465.55293
1274.131132,101,466.1743
7534.105014,172,467.217118
-264.5478,9,467.275539
300.796023,69,467.706319
-307.208759,8,467.758881
1453.999302,300,469.60731
7705.612081,165,470.622432
19.612235,69,471.044067
7274.450333,125,471.805617
371.132422,77,472.279349
1778.347411,300,474.287684
1962.620404,300,476.294325
1583.502756,300,478.397193
6951.596035,166,479.421316
1915.351571,300,481.278314
7169.395809,183,482.424026
-28.196634,33,482.631957
1791.246682,300,484.487612
1662.839882,300,486.315112
7489.904629,141,487.17705
-4558.880526,300,489.034577
1747.50872,114,489.732675
6572.214797,84,490.252686
2321.41077,221,491.60375
5214.444794,8,491.657214
593.881974,300,493.505108
312.500127,248,495.035172
5264.490989,32,495.231887
1865.841094,235,496.668886
7490.249856,130,497.47207
1302.793949,205,498.71882
-220.431494,18,498.833032
1650.894423,103,499.475017
6959.604792,191,500.66299
-13.496731,40,500.911582
1625.266162,258,502.461574
-356.605551,6,502.502812
1435.618239,117,503.219082
1131.016144,72,503.650956
-368.349188,34,503.857782
-248.082591,11,503.928674
6755.512124,75,504.39965
2027.251151,163,505.487704
-307.388152,8,505.552529
5991.754173,46,505.961438
2192.22766,133,507.000658
-262.584041,9,507.07147
-399.947083,27,507.267945
903.745574,223,509.223714
-258.419758,11,509.294527
2027.356769,148,510.194617
2042.707648,144,511.082095
1909.064434,115,511.793998
-72.424244,44,512.06917
7086.711246,102,512.698876
-268.032457,9,512.756358
-341.722393,8,512.809427
-343.840073,129,513.604447
1873.506641,188,514.759911
1418.322146,290,516.521336
5376.540082,26,516.688074
6052.640979,46,516.976881
7350.94575,242,518.462413
431.112498,82,518.972214
6757.130871,200,520.206401
-51.756524,37,520.44336
-922.143671,180,521.536932
1457.93241,117,522.258195
-131.448734,17,522.366572
-175.167171,14,522.458783
2439.201906,183,523.576462
-447.255457,97,524.161224
1917.445655,213,525.460454
-257.19225,9,525.517276
1958.823075,126,526.290423
-195.693134,14,526.380552
-92.427923,32,526.579754
199.536039,24,526.726851
7165.022307,87,527.251098
1755.787988,300,529.133148
1476.852846,274,530.791264
5968.774455,41,531.048306
675.932661,42,531.309917
7148.631619,90,531.859846
-79.744586,45,532.129767
2207.310305,300,533.965054
-143.134945,50,534.27024
1901.841782,300,536.106027
-141.384088,40,536.361621
1.591042,51,536.686439
55.663838,42,536.951613
-65.758484,29,537.130949
2207.966542,231,538.560804
-182.178099,29,538.750834
7036.909372,87,539.278265
-270.115022,9,539.335142
7643.232955,234,541.074275
-26.510724,25,541.228862
187.668995,39,541.487471
2321.704149,175,542.537925
1432.692634,218,543.879454
1204.665253,92,544.476112
1943.911442,300,546.574467
7567.671514,258,548.160433
1743.680964,221,549.523613
2129.610684,220,550.880466
-30.292256,25,551.039367
2099.738202,176,552.108073
7684.542374,246,553.642623
130.261237,45,553.924209
-379.545489,16,554.023896
171.172708,30,554.211089
25.579239,29,554.389536
189.042333,36,554.621911
7200.977387,98,555.225617
-40.757264,50,555.539173
1625.91182,100,556.149716
1850.127343,300,557.996421
733.53309,77,558.477936
7682.924465,158,559.451802
-91.482181,18,559.566242
1671.495629,109,560.370043
7359.742601,160,561.38431
-144.679788,15,561.479027
375.864184,35,561.694351
-291.888393,8,561.750233
2176.38522,300,563.586201
7892.234477,211,564.904812
7618.902443,151,566.061717
2401.156421,300,568.253857
-340.865378,22,568.407448
2196.32185,174,569.472053
1578.894671,112,570.164962
7940.98461,161,571.164567
-487.988694,32,571.363688
7603.31124,151,572.288201
1567.727883,297,574.108518
1614.025791,280,575.824728
7997.220153,233,577.241469
-353.173266,15,577.338127
-332.584574,26,577.497447
2044.022978,150,578.413967
1544.80441,300,580.56703
5570.271748,39,580.809404
2382.154978,300,582.621664
2306.431779,164,583.610544
2124.237466,300,585.424927
2207.682968,261,587.017791
2230.544497,300,588.882078
5757.588304,33,589.095472
1533.286317,90,589.625744
1398.620972,150,590.623605
1764.925603,300,592.794885
93.018675,26,592.954463
7150.216607,103,593.554858
-300.656687,31,593.739334
7419.074064,170,594.948184
-334.62021,7,594.996551
1200.894722,106,595.639371
6364.474315,107,596.271854
1876.826666,300,598.079731
-215.096379,17,598.186689
1742.37642,275,599.834224
-162.406848,17,599.937915
-447.981068,26,600.094848
1156.17329,113,600.804546
5614.758444,44,601.06987
2093.139272,300,602.853607
1833.971412,114,603.527398
863.063856,105,604.165831
1498.368975,228,605.522326
-169.236972,11,605.590145
-238.625862,11,605.660259
1570.970014,94,606.229153
-3.320122,45,606.499423
215.909329,31,606.687473
-404.238123,5,606.720155
1595.808185,101,607.337023
5516.058213,30,607.528705
-158.035599,27,607.689996
357.734907,75,608.132699
1385.162186,101,608.744828
1935.828537,260,610.347992
1702.47717,261,612.159117
1602.380442,180,613.241102
7529.722192,141,614.084695
1354.35755,83,614.590338
2064.854544,151,615.490482
1289.151844,76,615.952222
806.158371,83,616.45375
-267.808391,12,616.527185
7286.676718,294,618.301957
1813.115834,155,619.234953
2033.795178,264,620.82562
132.414765,50,621.131593
2008.297712,136,621.946968
1438.761218,91,622.490124
28.577326,22,622.62989
207.17673,57,622.992401
-209.914031,12,623.07418
459.845793,300,624.853426
1812.932945,300,627.084361
1708.874073,300,629.12494
1954.5944,300,630.939092
2375.224858,300,632.755147
7886.185848,213,634.065419
585.82354,66,634.469728
6252.810233,253,636.240102
552.626694,67,636.652545
2277.40992,300,638.429317
2362.899449,300,640.251856
681.655059,96,640.832231
2297.575909,300,642.650135
2616.936758,300,644.433048
6343.382139,64,644.823893
183.630178,31,645.013244
608.354912,80,645.502675
2330.148061,300,647.29414
-231.394081,10,647.359231
631.711796,74,647.814057
7127.856085,160,648.775483
-129.743035,15,648.86836
402.168189,51,649.211499
-193.80772,12,649.319211
394.779319,61,649.837823
1691.816317,89,650.37168
43.972471,24,650.515133
219.481219,52,650.975482
716.746021,75,651.434992
2452.339922,300,653.27599
2490.123513,300,655.105176
6908.363355,75,655.554385
2099.692587,300,657.363268
7848.611213,217,658.667666
7150.190487,128,659.437245
172.404318,51,659.748486
7061.516655,91,660.312114
355.007372,53,660.625945
800.511721,79,661.100503
169.520203,51,661.416993
7571.633067,131,662.205618
-248.836571,10,662.272078
8188.800357,217,663.589337
1477.821533,300,665.41037
681.382802,91,665.957047
-301.236625,8,666.009877
5957.612524,37,666.232411
492.020434,60,666.595566
5105.143929,13,666.68031
388.671825,49,666.975616
1023.190155,99,667.757596
385.506038,56,668.222353
8002.571227,194,669.364637
7535.905714,111,670.035532
1802.200903,300,671.855471
7911.388484,153,672.780744
7661.439228,285,674.487516
8191.639676,225,675.843889
2500.608149,193,677.003966
5934.339903,35,677.218383
346.780067,48,677.506627
276.795113,60,677.867717
7506.922961,213,679.139853
201.377672,34,679.341343
710.378912,75,679.777177
8175.411613,215,681.047776
284.214593,29,681.225275
5589.123943,29,681.401307
-340.524791,7,681.44537
1903.679033,300,683.219749
8033.014535,151,684.134564
153.454911,51,684.435736
-90.371804,17,684.536468
-371.567056,5,684.570348
6975.427867,104,685.332733
8026.96832,235,687.12594
6283.588312,75,687.672476
711.390379,78,688.202491
6420.584077,94,688.774931
797.510696,80,689.247771
604.05325,88,689.788218
2106.724498,188,690.924766
2145.353759,143,691.780574
93.283244,60,692.146386
2047.986057,199,693.34294
1795.513262,163,694.345718
1439.488289,101,694.953852
1503.753063,95,695.521438
2234.422896,191,696.704122
6593.224196,210,697.974248
-17.517838,19,698.089393
-358.763948,6,698.129169
1616.029285,94,698.688611
562.655136,42,698.946334
7565.076022,132,700.042182
-193.111176,34,700.248472
143.81221,30,700.43182
5907.93876,52,700.759696
7735.204126,155,701.692472
1931.912915,226,703.052143
7052.347218,94,703.618448
-38.441974,36,703.838681
6261.729146,49,704.132782
6974.355854,180,705.21712
577.502355,73,705.668312
7020.477965,99,706.260616
7623.021047,137,707.075476
5660.952276,32,707.264966
489.050575,61,707.630833
7104.846333,92,708.171767
2686.688609,300,709.947933
2230.297603,300,711.749992
-170.422703,30,711.93238
7346.631635,97,712.578446
-97.464175,14,712.678179
567.567489,42,712.930506
2549.367249,300,714.744669
148.863006,35,714.960264
583.435588,52,715.275843
15.538835,28,715.446425
2445.619301,256,716.991267
1704.908048,220,718.316683
2400.341858,252,719.875197
1766.197606,114,720.552904
2774.092595,214,721.837266
1946.118129,110,722.498771
2511.376989,159,723.456649
-312.849912,8,723.508521
2071.069278,143,724.365621
-208.442431,11,724.439246
2695.279273,233,725.843663
103.093404,88,726.384773
2254.811561,196,727.568029
1803.714771,212,728.878954
99.132113,40,729.127356
-381.305501,6,729.166832
5844.121146,123,729.947963
2362.262485,220,731.882357
2374.074256,181,732.970937
200.81524,30,733.166702
2540.071035,216,734.489171
591.399913,59,734.83724
184.471778,26,734.993945
7489.578748,105,735.646575
165.333254,27,735.812106
2261.434836,142,736.685088
7750.947621,237,738.092305
309.166958,43,738.359295
7698.551667,151,739.564503
-428.836957,27,739.725076
550.7478,56,740.100072
331.631355,33,740.297546
-343.188673,7,740.341971
610.292323,93,740.910512
7353.771454,141,741.775236
22.400041,31,741.963337
8071.806289,217,743.261292
6586.020833,64,743.642486
171.745373,26,743.80194
7337.076035,137,744.621121
1434.244737,256,746.430811
1650.175809,102,747.192773
7405.896195,150,748.466368
420.72164,35,748.746618
2142.347783,300,750.634429
-400.622898,17,750.739149
723.330787,93,751.297897
-239.705659,10,751.361713
1972.600823,191,752.518941
1291.550824,108,753.170889
8061.746669,221,754.506391
8177.235173,218,755.810374
6218.544112,215,757.096594
-113.697021,34,757.30379
1259.240037,98,757.880498
296.641696,34,758.084329
-53.432015,37,758.303276
415.952274,59,758.663264
477.673051,38,758.892576
285.648654,32,759.090739
6631.865583,103,759.716798
1536.430815,105,760.346172
-288.062117,9,760.403773
411.749261,34,760.613293
2304.223039,300,762.75853
2198.085996,162,763.711706
812.64867,122,764.453632
206.984661,28,764.634488
1951.366252,137,765.731943
1984.064292,163,766.692026
5836.773357,49,766.990337
72.17067,21,767.12368
1836.3165,106,767.774516
2253.891936,186,768.893282
2096.64967,272,770.550517
6155.640917,50,770.856009
1078.117885,73,771.300639
1054.373314,90,771.846409
171.291062,26,772.004839
547.953051,150,772.911846
964.769686,137,773.737698
1768.285138,263,775.330755
1245.564436,109,775.988627
-462.266293,18,776.101189
2407.216233,195,777.277842
2473.994079,197,778.450552
-31.794744,204,779.678627
2376.180116,170,780.702607
1431.231636,132,781.504876
2080.809163,201,782.711701
753.615894,68,783.129698
477.954831,72,783.558436
15.633309,27,783.717044
-223.417595,300,785.520755
2067.314801,218,786.825373
1057.318293,106,787.464688
274.041027,34,787.671274
7047.513285,110,788.340865
707.104848,56,788.667637
1756.421949,153,789.59281
2128.907828,227,791.130567
1210.552919,84,791.628803
-373.079382,14,791.713607
934.438041,130,792.493506
387.430942,300,794.294075
1133.6192,300,796.064342
1062.660339,79,796.712607
497.82513,266,798.439589
1067.38146,138,799.266346
91.050616,72,799.693202
541.774517,300,801.496054
-221.781623,300,803.356377
18.361609,300,805.270509
-84.396873,300,807.461652
139.132612,300,809.367471
1474.12393,208,810.623284
461.392902,62,810.989589
-536.464877,300,812.791708
1045.217748,300,814.563412
60.343889,300,816.354734
1791.662497,300,818.161057
2064.669075,300,819.973634
1033.298249,300,821.761902
1269.475854,192,822.908228
1685.371388,300,824.710761
1690.39384,300,826.518926
2098.462053,300,828.610688
1870.064952,300,830.428276
609.404474,300,832.230828
1095.232198,300,834.0313
2176.082874,300,835.831514
1978.752558,224,837.17153
1961.318779,259,838.732005
1817.933553,273,840.38412
1932.610771,300,842.203021
2081.146806,300,843.989812
1075.788948,300,845.788615
1606.250179,300,847.593372
1574.026319,300,849.393761
1474.590818,300,851.338749
1663.262405,300,853.129813
1718.295059,300,854.926611
1145.278058,300,856.72739
1772.769484,269,858.364121
1530.704042,230,860.086013
1354.937521,101,860.681867
1932.737356,148,861.572385
1582.112768,110,862.243623
1215.629116,102,862.851015
2018.733613,300,864.666626
1509.956842,88,865.229875
1224.525872,299,867.474871
1181.139342,300,869.449253
-168.527617,12,869.533035
-201.141376,13,869.617805
2147.79796,300,871.417002
1538.80848,99,872.009034
1604.20112,213,873.291674
7334.962629,100,873.895377
1965.585859,263,875.456071
1767.706979,300,877.275255
1747.943123,300,879.077615
1815.13034,300,880.877221
1289.600033,300,882.678978
1157.128304,300,884.492234
1347.746569,300,886.298534
1147.448144,300,888.107989
1043.208323,88,888.64578
1424.082199,300,890.458554
1715.207905,300,892.553535
2030.609568,300,894.37279
1269.529871,300,896.187048
1090.109818,300,897.978195
7301.642857,262,899.566728
1863.210131,300,901.38177
-402.153478,13,901.461526
1351.185778,147,902.336623
1962.519436,300,904.143542
2009.05546,300,905.942871
1332.195026,300,907.730158
2349.157489,164,908.719213
828.602599,94,909.283204
1916.067145,300,911.102276
1970.219935,300,912.905088
1771.433326,300,914.696995
2043.775302,300,916.472795
2124.002989,300,918.273218
-4836.164582,300,920.086528
1381.5621,300,921.890501
2317.595393,300,923.982738
1716.180967,300,926.120418
1520.544596,300,928.283636
1655.88102,300,930.108223
1278.826602,300,931.917281
-157.215982,16,932.016839
-177.615045,15,932.108667
1406.628663,300,933.916972
2014.880584,300,935.716516
2042.674461,300,937.513836
2260.465055,300,939.326374
7735.424925,140,940.165407
2445.364964,300,942.004396
1881.584076,300,943.782462
2361.87849,300,945.856489
1839.379692,300,947.641589
6919.096181,230,949.033467
2030.915028,138,949.872509
2317.150426,300,951.686186
2352.634036,300,953.497549
-394.671748,26,953.66629
2583.682542,300,955.481934
1574.005226,300,957.29396
5000,1,957.303532
1687.417536,116,958.006928
2257.117569,300,959.798649
1293.080321,102,960.410891
622.65173,300,962.215742
1689.215734,296,963.99121
1551.361579,104,964.622463
1133.925213,300,966.427387
1662.742024,139,967.25216
1598.260107,120,967.97318
7103.361182,136,968.792217
1591.025978,287,970.528909
1324.183248,300,972.326599
-196.285623,37,972.553633
2018.394733,300,974.348405
1286.98841,300,976.160385
2137.955216,181,977.516506
2209.565113,157,978.49714
1750.522921,297,980.287398
1968.218203,130,981.059649
1229.636631,242,982.539316
2331.480402,154,983.454545
2583.654322,200,984.64646
1202.176283,66,985.054138
1684.816755,129,986.044293
2080.624839,300,988.304253
1541.69082,221,989.636026
1067.989088,147,990.524685
1711.13713,208,991.779843
2319.02381,239,993.389436
2177.69478,263,995.123276
1664.586042,184,996.238542
2059.639836,300,998.0381
1329.397631,300,999.855759
1718.62073,187,1000.985884
1876.882051,200,1002.175614
1500.464906,300,1003.935557
2051.282196,300,1005.753938
2132.784283,260,1007.311438
1621.210074,300,1009.522096
1724.883391,300,1011.437519
-134.799238,58,1011.786204
1663.243451,300,1013.600092
2006.571326,300,1015.420562
1660.069624,300,1017.224595
2460.293738,201,1018.446934
2011.485432,185,1019.540819
-432.787118,36,1019.754093
860.349135,300,1021.557487
2234.190257,300,1023.363899
2564.104774,300,1025.154672
1849.37576,300,1026.964164
-264.42135,9,1027.019645
2251.010532,300,1028.822377
2091.053724,300,1030.633098
2061.311158,300,1032.425677
238.384824,41,1032.674845
2373.238614,300,1034.485091
1712.817057,300,1036.544981
1669.17106,298,1038.396593
2097.222077,300,1040.462329
-265.727315,26,1040.618601
-563.528042,38,1040.841756
1892.50585,300,1042.667917
2307.861295,300,1044.486427
1342.24272,300,1046.73352
2135.274928,300,1048.810837
2252.586436,300,1050.595059
2187.486774,300,1052.393536
2001.426954,271,1054.042521
2100.910903,300,1055.823307
1518.650498,300,1057.614363
2123.944457,300,1059.41748
1733.816885,298,1061.163774
423.932549,36,1061.375213
2092.756955,300,1063.157084
2037.866934,300,1064.965017
2067.644651,300,1066.746627
7158.503785,299,1068.557182
1832.185977,300,1070.364502
1223.983937,300,1072.429964
1239.631706,300,1074.245269
1140.150578,300,1076.054091
1843.070626,300,1077.845118
1622.718015,300,1079.65322
-447.497217,9,1079.714062
7521.17544,211,1080.977822
7377.737308,221,1082.31337
1761.37864,300,1084.116083
2106.461546,300,1085.938497
1411.708799,291,1087.684656
1976.720421,300,1089.49243
2163.909046,300,1091.322562
520.84681,300,1093.083642
1316.151216,300,1094.880876
-335.939722,8,1094.931411
6305.380582,78,1095.393963
7674.905559,192,1096.563416
-387.873962,27,1096.746243
1505.419839,300,1098.548294
1502.091496,300,1100.366027
1350.703177,300,1102.323014
7471.97078,139,1103.297131
475.848777,300,1105.090721
1585.18823,300,1107.434485
2074.966492,300,1109.438579
5900.239289,48,1109.730908
994.523346,78,1110.205291
1414.667207,300,1111.985305
7624.266409,181,1113.072354
1223.161245,300,1114.861293
2060.242272,300,1116.663106
1070.183625,300,1118.467594
-177.587002,19,1118.585772
5164.44432,16,1118.684653
1716.941033,300,1120.481195
469.157237,300,1122.286048
1000.515443,300,1124.086808
-947.416154,300,1125.880952
1581.014669,189,1126.996551
556.699687,55,1127.331941
-152.753922,19,1127.460338
-386.350103,7,1127.507212
-2430.186628,300,1129.299594
-1159.868383,300,1131.085774
-132.419088,300,1132.893979
-2270.177406,290,1134.958021
1672.248528,300,1136.744061
6284.764378,276,1138.412655
1469.409087,300,1140.204671
5528.799076,31,1140.392291
-229.692092,300,1142.193897
1782.820294,300,1144.003511
352.058712,300,1145.810585
576.892909,300,1147.618106
5437.876991,17,1147.72423
1705.132552,300,1149.525488
986.665945,300,1151.334704
999.049421,300,1153.129324
1415.793679,273,1154.755128
639.758978,45,1155.034361
-293.765169,17,1155.142118
1207.010922,300,1157.05942
924.881064,300,1158.860514
256.378144,300,1160.673496
1260.091453,300,1162.503279
1744.948821,300,1164.629892
-248.542181,11,1164.709678
-274.962974,12,1164.797442
1929.385852,117,1165.909471
-234.308336,13,1166.059071
6953.221631,296,1168.235251
1145.254248,300,1170.046919
2159.488534,191,1171.202363
6096.025717,155,1172.145623
5172.036189,9,1172.202812
1830.505123,300,1173.990348
1568.61777,300,1175.80443
701.653329,300,1177.596205
6216.488897,48,1177.889743
1982.545571,133,1178.694069
7209.024667,231,1180.08011
1309.258587,300,1181.867894
2066.38297,300,1183.667505
1144.04245,300,1185.46622
1431.816881,300,1187.287006
2271.234536,300,1189.084697
671.89065,124,1189.83039
5000,1,1189.840334
7550.999242,120,1190.553266
7974.785409,241,1192.006748
1991.931534,123,1192.754564
1200.143802,111,1193.420563
1706.31088,122,1194.131698
1205.002112,191,1195.310975
1301.537168,179,1196.384773
-478.365566,12,1196.467123
-273.915561,24,1196.611505
-302.201901,8,1196.664075
-838.212283,71,1197.093274
-107.110287,16,1197.191101
-397.117425,36,1197.410654
1727.84902,130,1198.471571
-1525.478888,300,1200.293205
-4937.605128,300,1202.095946
287.880107,60,1202.461383
1031.008774,67,1202.866191
1085.558508,134,1203.656316
554.382704,293,1205.410527
-347.193368,16,1205.520646
2051.781037,300,1207.305397
2441.74526,151,1208.212826
7039.940372,98,1208.807257
5180.303443,9,1208.866928
1359.084866,112,1209.54658
1539.492669,299,1211.371944
6778.242045,131,1212.163577
1239.419996,137,1212.999699
-879.895679,300,1214.798316
2315.941873,171,1215.818441
1005.535561,258,1217.366763
5391.079467,24,1217.517733
-4464.432814,300,1219.339815
1593.226784,300,1221.14132
-332.274591,300,1222.921103
6010.99439,52,1223.246391
-471.436515,300,1225.036705
927.910504,94,1225.73384
527.349696,167,1227.003446
6669.231596,203,1228.450577
1067.791539,83,1228.931292
7062.247293,193,1230.37942
1416.924533,300,1232.135724
7412.542471,113,1232.805123
7146.406799,213,1234.09902
6116.630553,92,1234.651147
6603.682536,108,1235.298743
1518.301121,300,1237.127333
6151.874384,73,1237.564391
7633.342664,171,1238.59847
1564.565984,123,1239.351107
7729.246895,269,1240.964864
-133.21801,14,1241.053679
7465.725876,110,1241.718909
7371.733483,116,1242.407249
1484.67681,249,1243.897818
1134.497902,172,1244.931261
935.632754,90,1245.46407
1747.492091,121,1246.199686
-381.211126,50,1246.502876
-311.678383,33,1246.702443
1446.799658,118,1247.414194
1699.73298,300,1249.221501
7176.735266,242,1250.678972
2198.948159,300,1252.50969
720.672547,300,1254.58003
1867.44077,300,1256.36654
2366.404375,300,1258.180403
1706.402092,238,1259.590127
1958.756895,300,1261.392577
925.775709,78,1261.869413
2262.271602,258,1263.420827
5927.289234,75,1263.871076
897.181948,81,1264.352969
2074.527498,300,1266.152598
5139.427171,6,1266.192953
1602.946486,120,1266.917157
1966.73542,161,1267.8894
5689.149514,29,1268.060975
553.923144,258,1269.600723
6101.649889,82,1270.08246
1391.76938,260,1271.644638
2105.216399,141,1272.493649
2043.960122,155,1273.422675
7517.279312,160,1274.380085
1922.795744,261,1275.95153
7550.511367,266,1277.546676
2066.537849,179,1278.617369
6335.210302,82,1279.109861
2111.917715,135,1279.932204
-234.914276,10,1279.996452
1868.189904,265,1281.574899
552.242758,62,1281.944551
7274.918304,115,1282.647023
7251.420588,112,1283.33232
7147.961091,99,1283.923706
2072.18715,142,1284.816726
-291.606764,49,1285.185741
85.056153,28,1285.434078
2012.807974,245,1287.784792
1454.550322,280,1289.920761
1257.225798,300,1291.732607
982.993536,300,1293.527237
6352.548082,94,1294.094593
2250.926494,162,1295.066181
1205.941398,300,1296.869845
1766.804784,300,1298.687976
1917.862316,300,1300.494592
1972.980387,300,1302.303516
2207.823166,263,1303.869774
1842.197649,270,1305.502044
1532.403958,274,1307.148869
1090.677029,300,1308.916248
1973.805789,300,1310.6865
1827.812461,300,1312.505717
7537.524026,157,1313.451238
7791.676458,243,1314.901743
1883.438559,300,1316.693928
1684.186344,300,1318.535092
2370.711453,300,1320.343649
2228.497275,300,1322.439018
7333.111523,115,1323.136682
1706.70778,300,1324.933183
1771.73766,300,1326.736114
1933.837153,300,1328.53649
1394.875408,300,1330.336075
6909.652673,252,1331.874892
2485.882172,300,1333.685676
2361.599752,300,1335.479798
-302.301111,8,1335.531425
-5433.166909,300,1337.333487
1289.974359,300,1339.394068
1278.455615,300,1341.271784
7781.841548,222,1342.620218
1368.568173,300,1344.428737
1246.036926,300,1346.561053
6098.073917,77,1347.137511
2507.063398,300,1349.434153
1259.286818,300,1351.283715
-293.817351,8,1351.337545
7557.975646,268,1353.211948
6103.769107,55,1353.540101
6145.307868,131,1354.327474
6893.437915,220,1355.656638
56.035813,24,1355.797917
2206.98516,300,1357.615566
1960.382233,300,1359.42007
7730.946979,189,1360.553928
7703.974746,153,1361.472948
5463.299874,18,1361.579695
2369.053508,300,1363.352565
1914.554516,300,1365.156215
2367.75898,300,1366.969789
7307.609576,296,1368.752319
1795.335188,300,1370.546958
-266.241891,10,1370.613874
367.687265,37,1370.831055
1696.926082,300,1372.62042
2053.147924,194,1373.784573
2239.159958,300,1375.561962
2323.806309,300,1377.34223
7757.072437,258,1378.910414
7165.709458,177,1379.963691
2276.899731,300,1381.78981
645.606028,300,1383.862696
7032.599946,230,1385.239114
5886.845546,135,1386.063249
8129.511901,240,1387.514024
606.409628,300,1389.326313
7422.212783,200,1390.528902
2158.086222,300,1392.314529
7368.352367,237,1393.736317
7632.101477,123,1394.486801
5967.576678,59,1394.842095
2612.040567,300,1396.655972
-244.107868,10,1396.720467
6242.739888,67,1397.121447
2902.319352,300,1398.927913
7270.451119,112,1399.595775
5298.240551,14,1399.683689
5767.183967,126,1400.451416
5715.168729,117,1401.173136
1516.192407,223,1402.500718
7330.686,220,1403.84005
-264.116042,12,1403.914243
1826.085653,300,1406.027353
2742.804965,300,1408.172615
1628.082501,143,1409.038302
2468.466215,300,1410.815486
2070.982483,300,1412.630338
6976.688019,241,1414.09451
2769.343674,250,1415.914428
782.405777,86,1416.421631
1413.732724,97,1417.008607
6881.77052,117,1417.722328
5037.57001,2,1417.739862
414.226688,55,1418.073379
-378.099477,15,1418.167126
6780.442777,245,1419.648617
6797.351341,96,1420.235533
5631.489035,277,1421.89357
5399.372326,17,1421.998693
2107.856445,170,1423.028074
577.753752,270,1424.665894
7770.362067,141,1425.522426
595.740781,98,1426.117249
621.838281,75,1426.571566
-215.351212,11,1426.731411
2162.350637,128,1427.501307
1291.175777,111,1428.166762
2152.870098,166,1429.166602
960.440338,117,1429.879954
1377.456302,97,1430.466264
1481.785746,300,1432.267516
7763.773163,130,1433.068949
5972.749733,270,1434.673998
1877.760899,300,1436.470773
7342.623698,202,1437.708308
7121.059413,265,1439.319435
7266.937147,214,1440.592136
6857.010757,100,1441.195748
7429.57853,259,1442.737852
7908.287842,145,1443.596525
1511.416229,300,1445.394838
2221.080623,300,1447.494426
5970.536537,61,1447.861743
1820.477623,300,1449.68297
7186.407331,201,1450.907472
6771.844888,227,1452.299253
6685.956612,114,1452.990457
6403.302179,279,1454.681246
7610.611336,208,1455.932611
5700.352751,31,1456.123387
1870.330485,300,1457.900111
7657.185675,257,1459.44881
5218.073626,9,1459.518032
1337.774457,191,1460.643604
7687.08168,198,1461.830899
5000,1,1461.840874
2040.920931,300,1463.653221
7799.951209,189,1464.785439
7567.550333,117,1465.578838
7011.396987,244,1467.347111
6433.995412,278,1469.196167
7344.064496,277,1470.862905
6986.009001,282,1472.577103
6223.123875,265,1474.188966
7333.504588,254,1476.052805
878.751431,300,1477.866039
1495.745495,300,1479.941126
6028.439503,82,1480.437689
-358.14888,6,1480.479197
6061.133651,87,1481.008534
6783.695802,110,1481.677819
2137.534507,197,1482.876863
363.137903,35,1483.087614
1434.256155,287,1484.819776
7114.878957,126,1485.584689
2071.240523,124,1486.324786
2172.066397,194,1487.502631
1123.321403,253,1489.032888
2043.63963,124,1489.784144
2455.803738,179,1490.8427
1253.000242,251,1492.345711
2446.110345,176,1493.40952
-294.166827,8,1493.462396
6295.050918,116,1494.171369
7345.066347,117,1494.867019
1480.413457,88,1495.39601
2305.65341,179,1496.462862
1335.899587,259,1498.038067
631.001672,61,1498.412179
7613.186666,153,1499.310807
2327.4172,157,1500.25161
6886.841063,186,1501.378305
1974.00489,122,1502.126318
701.647389,300,1503.90075
1309.579194,94,1504.453306
6865.290507,269,1506.079743
5706.833469,290,1507.865081
1226.969026,300,1509.944047
7283.360642,122,1510.664301
6908.405524,238,1512.094752
7340.969975,208,1513.401417
6997.133896,105,1514.033319
6600.269449,254,1515.567505
2479.471138,165,1516.570545
2122.611943,300,1518.373262
6173.320575,113,1519.069266
1973.634808,300,1520.876723
690.817453,300,1522.671881
5042.612812,266,1524.306922
7551.342903,147,1525.326571
36.066256,21,1525.517061
7456.125844,98,1526.257083
1534.630504,87,1526.877426
5827.79752,43,1527.182609
709.824673,94,1527.883733
1205.032077,101,1528.519108
6630.329729,104,1529.157589
1211.301543,88,1529.689052
6134.569337,72,1530.121524
6285.09192,94,1530.68032
1966.581861,104,1531.320977
107.942962,72,1531.763818
2076.816931,258,1533.300836
2395.23939,300,1535.107295
2024.020991,164,1536.103462
2088.799646,269,1538.032548
7817.414805,125,1538.768581
7293.928155,104,1539.383956
6492.894653,247,1541.124478
2027.904568,152,1542.037337
6820.402329,101,1542.648338
5872.067569,35,1542.852869
7312.278368,113,1543.51809
1698.65851,96,1544.083284
2029.816709,123,1544.828655
7426.580667,201,1546.039234
940.016501,279,1547.712075
6265.707694,89,1548.25204
-287.422331,16,1548.350035
1718.712775,90,1548.899073
1033.661282,90,1549.44808
855.814729,300,1551.281084
1928.155841,160,1552.246498
7387.501123,261,1553.804137
5750.061162,35,1554.012574
1602.763221,300,1555.800617
1867.984832,300,1557.582534
1860.512747,300,1559.432088
1650.061346,300,1561.2669
825.486828,300,1563.337408
5641.780617,25,1563.483019
5508.231355,24,1563.620684
5183.580568,17,1563.729361
-313.796816,8,1563.777265
7066.389615,103,1564.400099
1645.802102,300,1566.209878
7453.628043,128,1566.991059
5806.060364,38,1567.223575
1872.523878,300,1569.050517
6476.052824,99,1569.654621
7705.131917,126,1570.420544
1395.205665,300,1572.250848
-415.204762,11,1572.319063
2396.798559,176,1573.374847
5822.636667,40,1573.623416
-410.057795,32,1573.823576
1267.672741,192,1574.99333
5197.235103,9,1575.04899
1449.79156,300,1576.815702
5793.976687,41,1577.069753
6162.661562,90,1577.612777
880.98976,300,1579.423507
-283.418683,17,1579.530143
-302.204984,14,1579.617145
5000,1,1579.626917
7528.962373,158,1580.574759
1223.487229,300,1582.357375
5756.042234,35,1582.566724
1851.284418,300,1584.407946
1495.950441,300,1586.486749
1241.408145,73,1587.015336
7513.934766,166,1588.195183
1333.024972,300,1590.019967
-367.221464,15,1590.112718
1889.832537,300,1592.222508
1571.791568,164,1593.206515
2088.595408,221,1594.793242
642.677402,45,1595.084461
1976.393628,258,1596.630822
6282.683639,53,1596.956434
172.230995,35,1597.168207
1713.721655,198,1598.380278
1313.254699,300,1600.182446
-68.568377,39,1600.422144
7606.900041,207,1601.673048
1191.080196,300,1603.462621
6801.381077,107,1604.115367
5234.191064,30,1604.298534
1353.324044,300,1606.125421
6255.673226,66,1606.52406
1001.062772,300,1608.340489
6143.620453,88,1608.880737
7240.223794,290,1610.645669
6233.255196,110,1611.320098
2136.598152,169,1612.350203
6350.919619,110,1613.013988
6961.223518,290,1614.759642
6484.830421,114,1615.456762
7629.54178,248,1616.95973
1710.583177,131,1617.746933
6093.788173,111,1618.417318
5284.881151,11,1618.48709
5814.900531,50,1618.796418
906.837101,300,1620.613703
7020.622014,155,1621.540435
5224.948037,9,1621.598708
1393.421857,300,1623.418883
7100.300814,277,1625.070857
6989.009987,280,1627.036086
6724.751019,90,1627.585937
1744.721831,300,1629.396741
6434.447889,294,1631.179974
-262.633944,11,1631.25008
1801.575141,300,1633.070138
6739.499191,279,1634.757224
6264.482264,275,1636.406341
6670.717024,274,1638.06048
6083.476017,49,1638.362689
-286.40525,10,1638.428173
6183.840769,110,1639.092782
1164.972274,300,1640.893683
7112.892135,122,1641.641741
1456.610821,300,1643.464367
1448.285684,300,1645.393639
7122.587484,255,1647.240701
6303.67259,244,1648.851769
2106.685667,197,1650.040597
7462.189492,177,1651.124473
-204.956777,41,1651.372961
760.721057,65,1651.760142
5918.714623,40,1652.01111
5605.739628,36,1652.226533
-175.518909,42,1652.47869
-169.650174,13,1652.56019
1282.484168,300,1654.391184
7333.126075,114,1655.086297
6340.559686,97,1655.677398
6259.081943,300,1657.772482
7204.470837,128,1658.551664
1736.472401,140,1659.40239
6104.983256,82,1659.892711
6087.680642,83,1660.408517
1210.194503,209,1661.675887
7229.097528,121,1662.40461
1484.325241,300,1664.225446
7206.26907,204,1665.460977
1838.607027,300,1667.281106
6009.79393,65,1667.674507
1377.59103,92,1668.238268
133.311647,41,1668.487739
1760.106427,220,1669.819781
1590.824483,300,1671.624686
6122.585084,65,1672.016122
5030.562594,2,1672.03314
6190.993112,94,1672.608219
1244.703272,300,1674.412314
1327.13667,100,1675.018057
1123.764354,92,1675.58005
1665.522292,300,1677.372838
721.137697,300,1679.159258
7748.135593,204,1680.395922
6840.509957,91,1680.94812
798.239724,166,1681.961567
1066.641817,300,1683.750651
698.298412,300,1685.576243
6550.141961,273,1687.200383
1262.547654,300,1689.274242
1522.102855,300,1691.065835
443.823906,300,1692.898262
1719.895032,300,1694.671546
5450.282365,17,1694.778393
2196.450439,300,1696.584997
251.541878,45,1696.857738
1966.118727,300,1698.690046
7432.592107,145,1699.577901
5892.898439,36,1699.808319
1679.386276,300,1701.616243
1692.183421,300,1703.421077
-347.971762,17,1703.527624
6825.724508,139,1704.368128
7621.392973,212,1705.803598
1537.913674,300,1708.041615
7682.435162,183,1709.214003
5673.221467,54,1709.543624
1727.313112,300,1711.359639
1097.847472,300,1713.177709
1037.115822,300,1714.984918
5908.538828,35,1715.2053
7465.201047,115,1715.902405
227.751928,300,1717.691133
1304.413484,74,1718.141539
1679.988185,230,1719.772214
6575.818504,284,1721.554508
7393.425886,115,1722.230455
1752.385806,195,1723.388486
1479.150775,74,1723.837718
5000,1,1723.847539
-303.325496,10,1723.911654
1462.734522,73,1724.349736
1468.148584,253,1725.878531
7054.115865,212,1727.163381
1483.339248,90,1727.695969
1764.751708,96,1728.270724
1946.7725,141,1729.124117
1216.866694,300,1730.937802
1237.707805,300,1732.761185
2021.760499,112,1733.421148
2341.48326,186,1734.537049
2122.264991,261,1736.099859
6962.98962,105,1736.733303
5692.352052,31,1736.920113
1474.125143,236,1738.345192
1040.49434,278,1740.022824
2235.142687,122,1740.786697
-232.305233,12,1740.86147
6288.854569,98,1741.443133
1916.774928,178,1742.513724
1686.64561,225,1743.872073
1372.625201,300,1745.691511
7591.621144,228,1747.056814
2177.823003,300,1748.891098
7576.734338,248,1750.398976
1902.100812,113,1751.074971
1348.180793,123,1752.094635
1302.724486,300,1753.881751
1780.26305,300,1755.699182
1166.73077,115,1756.390551
1107.817689,110,1757.055375
6105.01459,279,1758.730118
-382.151053,16,1758.831509
1396.598773,300,1760.651242
827.884998,98,1761.253922
5054.118631,24,1761.397537
1393.22178,243,1762.82869
1043.823526,98,1763.423171
-147.457049,14,1763.508812
1407.864099,300,1765.488715
1581.212286,300,1767.737701
1611.527095,300,1769.592359
965.05726,300,1771.41704
2049.106502,300,1773.226295
2130.789454,300,1775.028323
1620.281879,113,1775.719463
1854.367664,300,1777.544635
1455.153146,222,1778.895609
1864.687554,134,1779.707575
954.639881,274,1781.388323
-56.606255,29,1781.570765
1673.643462,119,1782.286286
2403.751109,139,1783.131441
-55.843493,41,1783.385515
1630.52015,300,1785.454418
-266.171369,9,1785.512281
-159.909984,28,1785.682741
216.175546,28,1785.861066
1968.320755,239,1787.300998
1841.04798,137,1788.132824
892.942544,75,1788.583609
63.403396,24,1788.730278
864.688786,89,1789.265645
6010.477646,43,1789.531523
112.679525,22,1789.671882
7207.028862,103,1790.280847
1925.710103,127,1791.041801
2451.695725,213,1792.326696
1516.040436,215,1793.61462
1969.106709,300,1795.438997
1434.87632,278,1797.124889
7374.990304,201,1798.336819
134.753673,23,1798.477405
773.89511,69,1798.898111
-310.35452,9,1798.956675
5126.858844,5,1798.98971
7236.694515,192,1800.163808
1515.677055,300,1801.969024
6221.440071,86,1802.492772
1132.295297,300,1804.28932
1746.773512,198,1805.483111
1307.526276,300,1807.289354
1685.433144,228,1808.668169
1321.327696,235,1810.079066
-265.260773,17,1810.183783
1371.766402,291,1811.946233
5273.929759,24,1812.09838
7302.828273,139,1812.995942
6714.442512,111,1813.661146
1300.343728,77,1814.124303
-116.49698,20,1814.248374
1608.669833,300,1816.355738
6792.231881,222,1817.693846
625.283151,90,1818.234567
-258.535719,11,1818.303201
202.727171,41,1818.550802
74.387388,37,1818.777923
7113.308243,107,1819.429138
568.325292,69,1819.840677
883.206278,117,1820.560502
398.749958,55,1820.88768
1637.683679,300,1822.690212
6586.864056,100,1823.301895
5000,1,1823.31084
1915.139997,175,1824.347378
5880.750904,45,1824.630624
1217.800223,274,1826.625343
290.155452,47,1827.00732
1464.057753,210,1828.534238
1110.991744,300,1830.306468
-64.280531,132,1831.10068
6944.838573,153,1832.027631
969.049355,112,1832.704892
664.147545,89,1833.232821
1212.612575,250,1834.735538
806.505149,265,1836.31546
1587.501882,215,1837.612574
2477.443687,164,1838.610245
1147.756182,106,1839.245537
6006.276923,50,1839.551492
1358.637516,300,1841.350861
1703.930444,300,1843.14524
532.391041,300,1844.97486
1696.068484,300,1846.786489
1092.323237,300,1848.90361
5763.922198,38,1849.141341
5600.606176,26,1849.296304
1066.841998,300,1851.091094
1840.934297,300,1852.920544
7599.919554,166,1853.937554
967.162171,300,1855.756286
784.626806,300,1857.548579
6180.402793,82,1858.035807
6702.363746,271,1859.672801
445.028421,300,1861.482756
639.581977,300,1863.300476
6074.359538,84,1863.81357
7033.520615,279,1865.497004
6269.203945,90,1866.046208
7142.379803,94,1866.609016
7162.736399,200,1868.020278
6640.860013,234,1869.480146
944.951471,300,1871.575753
7463.91534,142,1872.425552
7091.772129,172,1873.477889
7044.002044,122,1874.21956
7388.58864,183,1875.321898
5353.037035,13,1875.405298
7707.314894,193,1876.552596
6003.187249,67,1876.962031
573.761206,300,1878.758794
1256.857988,300,1880.572753
6854.293067,121,1881.288256
243.339635,300,1883.097677
4837.323426,297,1884.974926
4914.139483,284,1887.159085
994.442897,300,1889.114858
5960.625826,129,1889.875833
6747.347018,228,1891.254361
6126.279303,295,1892.984257
454.02953,300,1894.785985
138.550116,300,1896.596352
-301.023855,20,1896.718631
587.259739,300,1898.54788
6838.863256,270,1900.464875
5369.54702,273,1902.088091
6118.960952,113,1903.047976
6740.081591,120,1903.751346
5988.276495,262,1905.335035
1322.253741,300,1907.118843
7460.422178,257,1908.659509
7545.965065,149,1909.566459
6509.863672,101,1910.191553
1083.394735,300,1911.991659
7514.071927,114,1912.67269
1309.890587,300,1914.483507
6671.438393,201,1915.70477
7531.448971,137,1916.521266
421.134955,300,1918.343127
546.895935,300,1920.149121
6905.013158,273,1921.819352
6031.390261,84,1922.337644
7.308113,300,1924.136748
540.980583,300,1925.926836
644.705772,300,1927.732668
-85.121632,300,1929.583028
-372.141758,300,1931.41882
-67.95117,18,1931.528141
6652.016523,122,1932.252097
751.015846,300,1934.380628
6922.78448,125,1935.141968
528.14248,300,1936.957597
6775.851521,228,1938.330896
822.533406,300,1940.284383
575.926432,300,1942.086817
-39.05871,19,1942.206022
6082.267518,269,1943.821087
-219.74152,300,1945.764323
7344.466575,153,1946.988052
217.647793,300,1949.040976
1035.476707,61,1949.422122
602.958584,62,1949.794636
6204.70667,73,1950.239218
-195.918942,13,1950.320586
7203.513215,143,1951.189617
7051.931326,119,1951.914634
5778.447889,282,1953.6179
6288.416656,79,1954.104085
6881.195434,135,1954.923622
5653.39752,22,1955.060111
-218.106932,11,1955.13151
6048.324218,58,1955.482424
6547.511155,224,1956.840126
1344.02202,300,1958.656881
5872.135283,65,1959.036861
6648.83196,102,1959.639929
406.650457,38,1959.871253
1456.606237,300,1961.683588
5426.582618,17,1961.790099
6364.607521,106,1962.432651
-2484.933749,300,1964.257097
6864.826353,286,1966.245661
1140.591389,300,1968.058577
7409.9844,100,1968.664804
1727.121767,300,1970.435512
1007.090218,300,1972.240238
7397.407347,207,1973.529369
1027.634394,300,1975.324232
1710.127687,199,1976.525889
7452.736205,135,1977.330424
1005.356906,300,1979.157382
5267.570497,11,1979.227418
1384.446819,123,1979.971635
7536.162459,151,1980.891371
1821.615784,300,1982.696485
1777.957866,126,1983.466433
7467.634171,184,1984.574348
6072.815406,44,1984.846563
6549.48097,286,1986.583056
190.045265,33,1986.784986
5702.077554,34,1986.997362
569.764949,54,1987.329368
-321.691009,165,1988.338042
-423.630896,42,1988.594344
1972.188631,218,1989.916029
6625.573868,259,1991.605938
1789.433242,300,1993.394915
424.096211,70,1993.824714
-230.568091,11,1993.894407
-248.908898,24,1994.044085
1886.707436,241,1995.519841
1122.186896,258,1997.090107
1170.3589,105,1998.031307
6781.21952,279,1999.693218
35.241012,22,2000.017352
7042.372017,286,2001.837517
-284.39174,8,2001.888473
1440.649495,103,2002.513582
6060.867775,59,2003.084495
2165.269774,137,2003.965883
1678.162012,117,2004.668226
367.966953,300,2006.992136
7842.649929,154,2008.102171
1443.835589,300,2009.878648
1564.364028,300,2011.69818
687.707784,300,2013.504903
1597.858416,300,2015.317117
1762.007606,300,2017.121805
827.452984,300,2018.941932
1028.483883,300,2020.75885
7455.735465,218,2022.08619
1729.265419,300,2023.902239
1987.139523,300,2025.715003
2050.171352,300,2027.510409
728.179029,300,2029.328356
486.555681,300,2031.157267
1315.113726,300,2032.981586
7491.239585,133,2033.765524
6877.068823,292,2035.788182
6996.093119,111,2036.441784
6864.392943,240,2037.887152
1880.087578,300,2039.704105
5183.069911,12,2039.782567
876.590544,300,2041.596855
1591.940893,300,2043.412064
1673.487387,300,2045.218464
983.568475,300,2047.030725
909.720529,300,2048.853268
7309.771474,283,2050.561005
5959.619558,257,2052.110563
2076.879219,300,2053.936199
5703.291767,125,2054.696121
6835.190174,253,2056.218023
1618.606027,300,2058.117361
-982.345164,300,2059.933365
-431.033076,11,2060.002209
6051.566076,49,2060.290444
2095.553432,300,2062.072176
5000,1,2062.083848
312.594833,300,2063.891148
1214.674039,300,2065.889119
1509.002144,300,2068.420351
7583.60352,144,2069.36386
6419.459263,288,2071.071993
5774.805955,37,2071.304394
390.663002,300,2073.121897
1049.487323,300,2074.923297
1760.251086,300,2076.730082
7106.090101,98,2077.321437
591.331589,300,2079.129242
1163.849235,300,2080.930299
1136.03532,300,2082.737724
7577.380642,157,2083.690348
6724.486515,240,2085.138411
7050.360254,200,2086.333432
1952.827627,300,2088.129763
1289.858733,67,2088.537711
2221.765704,154,2089.484056
5496.807579,32,2089.677235
6447.507528,286,2091.399873
1751.485709,300,2093.205226
1683.512916,300,2095.018513
937.013913,300,2096.840189
6603.179387,120,2097.571395
886.58233,68,2097.988508
5868.266008,38,2098.220408
7041.952638,131,2099.305475
5902.03017,53,2099.618668
2214.833536,300,2101.380193
6187.400379,97,2101.967929
6932.375504,108,2102.626521
-293.666933,8,2102.676386
2253.458382,214,2103.984132
1616.759932,112,2104.657758
1398.523921,300,2106.47621
622.12177,300,2108.265426
-1308.639869,300,2110.083751
6194.138997,61,2110.46257
2051.192162,112,2111.142478
6718.814802,116,2111.838406
6345.42032,146,2112.719337
1170.10314,260,2114.288816
-4411.869579,300,2116.085908
-623.337585,300,2117.896878
7571.770927,171,2118.927206
7084.186029,297,2120.720385
-187.204858,20,2120.845256
2287.880407,300,2122.652052
2346.726914,156,2123.593857
6231.718755,47,2123.88439
7413.359479,200,2125.167503
6917.231516,255,2127.025538
2118.968448,300,2129.004756
1975.438158,300,2131.080908
5828.508035,57,2131.429976
7053.057347,104,2132.049289
6982.189369,258,2133.617086
1805.413066,300,2135.427468
1926.952249,300,2137.250965
1931.580095,300,2139.031239
786.590588,102,2139.655008
2008.792172,300,2141.482722
7391.738223,210,2142.750702
710.604255,53,2143.075068
1403.233625,300,2144.897441
5270.072853,34,2145.105596
5741.083392,24,2145.248981
813.719149,300,2147.026172
-162.131948,300,2148.831574
1166.496978,300,2150.631119
-445.465929,300,2152.401738
6959.777859,114,2153.079369
7885.41986,181,2154.168679
344.337263,40,2154.413764
-1494.860046,300,2156.226053
6863.290833,179,2157.309875
1258.447921,300,2159.121836
1485.420732,300,2160.935559
702.212854,300,2162.7544
7174.041976,242,2164.222417
7331.139066,138,2165.345658
6198.559635,66,2165.738639
5804.231364,297,2167.539388
7693.45736,206,2168.792892
1413.87937,300,2170.615517
1328.699639,300,2172.432195
5558.771654,23,2172.573285
1729.985262,119,2173.334369
7233.814842,105,2173.946599
1777.112417,300,2175.775989
5085.491562,4,2175.804431
7332.810537,157,2176.755976
6701.527748,111,2177.463422
5120.754019,7,2177.513389
7528.009415,166,2178.531161
7452.878654,141,2179.405183
7675.791859,141,2180.695596
2019.546575,214,2182.223668
7438.170524,158,2183.55202
935.780136,104,2184.239353
6164.44303,54,2184.575284
6261.148048,116,2185.327007
-189.64875,12,2185.426747
450.106704,45,2185.783787
1581.70852,119,2186.724274
6404.845342,186,2188.038757
-247.988966,289,2189.823017
1028.652139,112,2190.497009
1974.850464,113,2191.179713
931.099264,94,2191.753064
809.926545,55,2192.087121
6576.730098,130,2192.874044
5970.750034,73,2193.314173
5788.186012,118,2194.037225
1057.078721,58,2194.390292
117.037044,300,2196.214328
2028.48008,148,2197.107771
950.443935,300,2198.91777
939.290045,164,2199.906906
-332.929819,7,2199.953333
1502.567921,129,2200.730472
-486.204751,48,2201.02678
2239.879921,129,2201.803339
1076.896383,77,2202.26942
-392.780982,5,2202.302525
1537.1455,103,2202.922176
7460.092648,141,2203.784317
772.587858,56,2204.127232
-4957.76331,300,2205.944968
1641.313884,157,2206.869502
7139.558413,209,2208.102631
-7082.035971,300,2209.919914
-4654.285033,300,2211.754626
1498.789494,130,2212.538127
814.739702,71,2212.956908
667.386703,53,2213.277372
5891.245662,53,2213.629578
7580.568783,150,2214.822371
2028.526541,213,2216.09679
406.580728,40,2216.343101
723.716666,96,2216.902605
2121.945818,110,2217.568178
-1773.935685,134,2218.38724
6694.638907,128,2219.160457
1281.653183,300,2220.972203
6598.452129,278,2222.665406
465.183257,49,2222.961897
7342.43231,111,2223.633785
1348.905178,250,2225.139865
7188.880495,129,2225.920829
247.462455,29,2226.096771
1790.500127,300,2227.887014
1312.657544,252,2229.413185
5332.763143,15,2229.515489
1848.296731,131,2230.302129
7728.647347,217,2231.618632
7054.878458,132,2232.394992
-263.000309,9,2232.457031
1397.515043,300,2234.243064
1695.483434,300,2236.005383
5575.644642,23,2236.145009
-429.327437,3,2236.166952
-193.851546,15,2236.257676
2080.232597,209,2237.517267
818.825441,59,2237.877849
1968.001236,111,2238.546226
5591.756041,23,2238.689766
1273.642089,273,2240.345463
6050.37086,287,2242.082
-381.657822,6,2242.127646
7040.681076,104,2242.754422
7082.821643,194,2243.940963
-353.075809,7,2243.984416
6924.776201,121,2244.722172
6759.128876,253,2246.935799
1878.770108,223,2248.523556
1631.218053,95,2249.099932
5530.330701,25,2249.254519
1297.869041,73,2249.68421
1526.64466,300,2251.513774
1302.191193,243,2252.960593
1189.570313,224,2254.30368
6030.494807,54,2254.633498
1605.053454,149,2255.534152
5813.006296,46,2255.815633
-225.066966,300,2257.63272
4363.05003,242,2259.11019
-264.84617,32,2259.31496
5454.288315,70,2259.738328
-354.223899,300,2261.558045
5716.170269,30,2261.744113
6453.433942,277,2263.415651
583.106995,52,2263.728061
-439.118088,3,2263.751033
7002.318051,217,2265.049068
7098.007958,120,2265.778031
6708.438144,138,2266.60356
-1175.663023,123,2267.34381
5276.02879,59,2267.690132
-1458.169974,300,2269.500252
-169.727922,42,2269.759429
7431.708655,221,2271.106092
1782.518801,300,2272.895836
543.039323,300,2274.721136
-350.462908,300,2276.564227
959.266073,300,2278.96571
562.259426,300,2280.993115
-129.762305,13,2281.123767
1171.489791,300,2282.913048
1184.551098,300,2284.726162
5092.599038,298,2286.534903
7839.878653,162,2287.51875
6180.709381,57,2287.936466
1670.335872,300,2290.04985
5500.625583,27,2290.210418
-243.999969,9,2290.267272
6695.182015,162,2291.235473
1531.889314,171,2292.276206
7462.117423,157,2293.23687
1237.922209,300,2295.087704
129.137272,300,2296.905518
1275.252935,300,2298.718285
318.884828,300,2300.513798
1385.032114,300,2302.26856
5797.025132,31,2302.469204
6092.98007,113,2303.153024
7295.638937,119,2304.001994
6119.792966,107,2304.741918
619.850111,61,2305.095004
-199.638294,13,2305.198697
272.939287,300,2307.490569
5785.11967,228,2309.050694
6540.439937,122,2309.783736
1219.373346,300,2311.906267
1608.452971,85,2312.409118
69.130993,300,2314.192864
2180.173356,152,2315.091683
592.759906,55,2315.433507
307.150259,300,2317.242377
-91.211869,300,2319.052195
1603.133904,199,2320.256212
6791.071801,106,2320.908313
1086.574759,300,2322.716245
7320.591689,105,2323.346542
7162.505259,116,2324.056556
7606.901695,146,2324.947076
1740.984371,136,2325.775173
132.441957,300,2327.567477
6901.351685,125,2328.317897
5000,1,2328.328981
-207.092515,300,2330.135752
5644.63545,276,2331.80244
1145.097933,300,2333.613435
1659.091936,300,2335.438776
6274.119522,89,2335.977268
761.376599,108,2336.630458
569.728301,81,2337.113715
7577.567679,212,2338.403234
1004.8798,252,2339.943684
2259.746232,244,2341.421437
701.924424,100,2342.031695
1511.859956,300,2344.154101
680.340503,300,2345.964401
1891.422015,159,2346.932676
854.515309,59,2347.290516
1109.942973,300,2349.126428
1636.663667,300,2350.931221
6390.495315,92,2351.482492
794.218767,300,2353.27813
6983.190961,286,2355.038668
1795.147953,300,2356.839823
6994.473794,217,2358.144875
5977.094773,38,2358.380279
7476.233277,129,2359.15387
1469.878976,300,2360.97987
1414.193828,300,2362.77916
1773.752121,156,2363.691688
2024.69967,300,2365.734529
945.469515,300,2368.01543
2179.343512,176,2369.063287
6928.970305,135,2369.88577
5484.735246,40,2370.132646
1908.496959,125,2370.878857
7864.74251,153,2371.791627
2490.695,126,2372.541623
1945.364491,127,2373.470728
112.755918,46,2373.880633
7123.96411,122,2374.60083
1868.689349,116,2375.310338
5765.514211,74,2375.765362
6840.492257,130,2376.553347
1687.688501,131,2377.352874
7419.164443,137,2378.192728
-208.422378,13,2378.276266
7716.999239,187,2379.410054
7286.951574,139,2380.252083
2206.805178,232,2381.639897
2523.006903,126,2382.405063
1134.73324,116,2383.117949
1834.412963,300,2384.924824
6826.158423,106,2385.565218
7531.956911,140,2386.410563
7449.864671,151,2387.315345
734.557129,47,2387.600122
7339.025385,137,2388.43454
2339.350899,188,2389.580586
2409.038592,181,2390.679212
5934.889412,269,2392.305599
833.395326,300,2394.097528
1250.329546,253,2395.623545
1191.56925,300,2397.435932
-167.571878,46,2397.714472
1718.877905,224,2399.062148
2200.156125,119,2399.786201
1396.380062,137,2400.607445
1796.710829,197,2401.799909
1863.0582,134,2402.611823
6192.392848,125,2403.377997
-100.286619,16,2403.476579
1773.464973,201,2404.685049
7400.09192,140,2406.056
5540.584344,22,2406.244494
1223.606385,300,2408.029792
7400.655709,220,2409.360003
1152.571421,300,2411.179174
343.415792,33,2411.389691
1112.386561,300,2413.200079
856.78846,54,2413.527356
1476.827392,300,2415.324249
6646.207518,246,2416.815939
6690.10656,232,2418.219182
1688.198637,300,2420.046151
5139.937955,6,2420.087041
7537.347266,145,2420.934808
7099.26847,128,2421.691108
6564.176877,117,2422.373682
928.466999,300,2424.194093
1505.246662,300,2426.313991
7383.852041,181,2427.619501
1619.971801,179,2428.83525
5457.827606,17,2428.949944
1056.415297,138,2429.774737
2287.623065,211,2431.056048
-345.669852,129,2431.838967
7611.675806,144,2432.711719
6050.537277,85,2433.228176
950.335136,300,2435.050522
-218.651175,13,2435.133313
5727.219569,283,2436.838141
1342.222394,300,2438.654761
5852.807324,44,2438.925165
5882.801001,262,2440.789902
-232.695236,12,2440.866322
77.677239,300,2442.675422
6354.111174,223,2444.020189
6774.785581,163,2445.014788
6793.746121,207,2446.258056
6409.607145,77,2446.724288
1627.477026,262,2448.299633
6624.473089,151,2449.214985
2351.139965,121,2449.949604
6628.490978,234,2451.325895
6392.043782,109,2451.971139
1407.231335,300,2453.745275
7576.291893,224,2455.127759
6515.747201,300,2456.939835
7604.719542,293,2458.703394
446.584058,54,2459.030423
-258.368094,25,2459.186969
6521.991443,106,2459.8166
1663.434712,300,2461.638871
5792.249565,31,2461.828893
-494.021639,15,2461.922707
1077.168664,252,2463.443504
-423.517063,11,2463.509438
6977.263738,124,2464.257998
2155.799568,300,2466.068435
1313.353491,300,2467.900257
5860.834068,77,2468.385093
5796.724109,35,2468.587794
6467.659441,105,2469.22508
5337.059488,13,2469.311612
6502.361275,112,2469.997568
5329.663557,17,2470.212816
2053.756912,146,2471.274012
2057.432577,151,2472.175912
7066.695874,239,2473.619654
5901.03355,51,2473.930495
-4582.310709,300,2475.740959
1684.073501,300,2477.553801
854.751965,106,2478.210936
7368.437003,146,2479.099517
5276.645555,12,2479.176691
-5236.834474,300,2480.991062
2236.008589,300,2482.804363
-3846.227344,300,2484.547696
5945.553353,44,2484.853851
466.665949,61,2485.300657
-4352.191821,300,2487.511744
1533.994759,300,2489.46505
-3339.564963,263,2491.059523
5767.677636,259,2492.877503
2400.287693,300,2494.682796
5000,1,2494.693464
1990.834343,300,2496.513631
2249.758698,300,2498.330995
1941.42383,300,2500.163183
1655.343987,300,2501.973053
5920.959675,79,2502.448808
1518.873135,300,2504.238084
-728.043221,297,2506.034264
1974.211464,300,2507.83543
2177.591221,300,2509.656273
1383.216951,130,2510.437949
1747.731758,300,2512.260993
1861.728842,209,2513.530561
7559.813573,206,2514.772317
1004.900493,300,2516.616762
5686.197188,39,2516.847544
6946.92157,238,2518.272518
6201.209555,70,2518.682395
6129.819457,158,2519.646291
6099.793154,257,2521.203718
763.679673,300,2523.299948
1679.516197,300,2525.133434
660.830633,300,2526.950465
1038.037712,300,2528.770113
5809.239397,35,2528.981194
6186.883385,282,2530.687045
5587.44439,41,2530.940953
6942.853215,167,2531.953712
1466.473737,300,2533.808942
1117.753998,300,2535.632573
964.159895,300,2537.456501
651.736287,300,2539.557614
6655.210424,138,2540.454262
7807.25876,167,2541.460267
1526.734567,300,2543.283575
7265.721215,147,2544.182319
1860.770675,300,2546.240462
740.657639,300,2548.38872
766.308051,300,2550.312068
1395.51227,300,2552.295092
1717.918876,300,2554.343532
1697.768567,300,2556.147763
667.258174,131,2556.948193
1537.447536,300,2558.776252
7637.384879,140,2559.62036
595.95,300,2561.430946
2025.854075,300,2563.246481
1030.202928,300,2565.070924
1381.438288,300,2566.887152
919.49818,300,2568.713323
1386.990116,300,2570.531124
986.195384,300,2572.364764
1357.225966,300,2574.189577
7361.02062,221,2575.54836
410.759534,300,2577.365249
290.057882,300,2579.183674
5998.783198,283,2580.904737
815.386707,300,2582.737473
1303.708036,78,2583.210875
1497.923348,300,2585.025646
6054.500867,53,2585.660397
1216.420791,88,2586.18891
5704.29735,27,2586.354639
1864.7769,300,2588.172166
6424.775837,105,2588.805746
7093.040566,298,2590.602522
-2669.937409,300,2592.378592
1651.235226,300,2594.202394
7570.882315,204,2595.434052
5498.102435,16,2595.531801
1308.926647,300,2597.349494
5463.911822,19,2597.469037
2151.659041,300,2599.261065
551.799668,300,2601.057195
6085.300096,73,2601.502383
1902.10674,300,2603.311878
1849.972023,169,2604.341616
7365.231702,142,2605.327588
5000,1,2605.34554
1234.834036,300,2607.492311
1981.122234,300,2609.406179
1604.693137,300,2611.237421
7674.435762,171,2612.265449
7039.404947,238,2613.718554
1784.900591,300,2615.544808
1248.215859,300,2617.614789
684.0297,300,2619.401517
1295.153546,300,2621.20826
1792.510061,300,2623.021627
1799.670569,300,2624.832277
1561.694064,300,2626.642493
870.140054,300,2628.45208
1209.805527,300,2630.255023
6027.85883,82,2630.7377
7035.20884,99,2631.322512
7412.637174,194,2632.489193
5471.812923,87,2633.014355
2431.30256,205,2634.265693
2164.086065,176,2635.338
2045.127591,173,2636.392852
664.556571,121,2637.115524
5469.644129,19,2637.236047
1476.494808,300,2639.057337
6824.889726,99,2639.664971
1371.171932,152,2640.582635
1361.410718,300,2642.364835
6138.931836,287,2644.11317
1741.206798,210,2645.385671
204.566045,31,2645.567153
1938.019153,300,2647.3942
5733.78684,29,2647.776178
7496.37763,142,2648.678869
1702.131715,300,2650.453797
5532.763574,22,2650.590992
5293.054534,11,2650.661747
6481.27698,88,2651.196618
2481.248898,191,2652.340434
5766.344038,45,2652.614326
2202.86523,300,2654.415614
8083.380866,191,2655.586238
1235.335342,300,2657.403081
7274.377602,290,2659.16264
7664.684162,216,2660.486871
7037.614942,124,2661.243166
1835.166129,300,2663.036582
6951.747549,271,2664.677984
7448.818317,139,2665.652126
7202.859285,104,2666.442014
1802.116518,300,2668.563584
6599.728528,96,2669.154336
6976.025873,267,2670.769273
6636.983129,266,2672.354284
-208.137298,13,2672.435035
1865.637346,300,2674.227941
1084.63523,300,2676.041941
2215.659459,300,2677.855744
2013.067915,300,2679.954211
5509.409424,24,2680.147694
6213.713639,71,2680.581473
5913.243553,36,2680.801068
2510.949163,166,2681.808569
7121.307501,274,2683.470695
6540.786469,251,2684.989307
6996.831739,295,2686.78351
2122.085203,300,2688.584311
1386.934043,300,2690.391169
1576.305565,300,2692.2047
5544.778587,30,2692.396954
7732.535357,178,2693.481704
-191.12606,14,2693.568429
7326.947004,232,2694.951495
1368.708275,300,2696.757278
884.572248,300,2698.547756
982.901754,300,2700.36848
890.777595,163,2701.349883
6716.022598,245,2702.828279
696.640258,300,2704.643221
1088.871225,73,2705.087592
6451.76575,192,2706.258245
63.427191,300,2708.057475
7175.829733,273,2709.736108
1113.827382,246,2711.204685
6969.851083,97,2712.110004
7329.475856,128,2712.99538
-269.380513,300,2714.926329
1478.985007,132,2715.731072
1066.715878,210,2717.010653
7362.673701,136,2717.831201
1708.884444,300,2719.64548
925.887459,218,2720.946227
6361.00356,253,2722.462041
-87.428874,175,2723.522771
369.210398,76,2723.988901
384.011959,300,2726.102981
5858.24476,206,2727.634885
-193.052068,14,2727.741602
5366.309965,16,2727.859285
360.399962,230,2729.28621
7751.376103,128,2730.058508
-330.112821,23,2730.207943
763.160256,116,2730.911423
987.655742,103,2731.542471
1550.138876,300,2733.353137
1705.608815,300,2735.135014
-51.323044,300,2736.951541
276.728867,300,2738.767853
7030.703149,288,2740.509177
6390.674262,96,2741.099072
53.506418,300,2743.227906
1125.664432,300,2745.031591
909.292037,300,2746.845912
6990.728743,289,2748.596343
706.756038,300,2750.38906
1009.075409,300,2752.220905
6821.803969,112,2752.903537
1387.596721,300,2754.694624
-86.408012,300,2756.461279
6946.501824,290,2758.170351
7802.960812,157,2759.110546
2485.726635,300,2760.920011
-1755.300331,192,2762.101262
7220.656802,267,2763.712503
2378.430564,300,2765.540417
-1269.431719,300,2767.362457
7750.068564,151,2768.251606
-207.456671,11,2768.320037
1956.74079,300,2770.150704
2112.73637,300,2771.980754
432.270031,300,2773.788132
7463.22598,220,2775.151513
7577.939954,252,2776.963288
1838.864823,300,2778.779902
1871.934158,300,2780.568648
-422.055054,10,2780.637188
2182.511744,300,2782.431323
1817.148685,300,2784.255723
2103.139459,288,2786.259192
2598.802791,300,2788.440362
6138.268322,43,2788.696298
485.120748,300,2790.481558
7194.842162,223,2791.818711
-368.546127,28,2791.990576
6317.702347,85,2792.512579
7656.403047,206,2793.766923
1339.156911,300,2795.595475
7576.578755,213,2796.892761
6072.491867,56,2797.253524
5797.618567,34,2797.462037
-159.056833,15,2797.555158
7252.995809,133,2798.44602
2415.516299,300,2800.334926
8030.580959,138,2801.399901
2051.091357,300,2803.224664
7476.600774,109,2803.880634
2414.679625,300,2805.721146
6084.709954,80,2806.21984
6027.416429,45,2806.493234
1621.980927,300,2808.287675
5746.848982,26,2808.446642
-116.336178,16,2808.549199
5909.778709,33,2808.753212
6241.37291,110,2809.422391
2513.652812,300,2811.240621
7839.858329,281,2812.949006
2502.031333,300,2814.747578
2238.535727,300,2816.58364
1503.028444,300,2818.402644
2557.767982,300,2820.196412
1965.101991,300,2821.997258
7460.650156,285,2823.711254
8022.41424,187,2824.843485
7403.085279,122,2825.583323
7672.13222,250,2827.109087
7880.217941,198,2828.308788
7622.057543,129,2829.111469
2720.821682,300,2830.94032
7552.67514,203,2832.182672
2510.862451,300,2834.258248
6599.050546,100,2834.861252
2458.829741,300,2836.660189
7026.05142,110,2837.33626
7772.764573,173,2838.387573
6143.429284,87,2838.916801
2174.321442,129,2839.701722
2228.848518,300,2841.505997
-441.52564,23,2841.650409
1909.087463,300,2843.473022
8318.533451,171,2844.515986
6395.212986,277,2846.526614
2160.272424,300,2848.60666
7781.992624,132,2849.379138
6962.165276,260,2850.935619
2497.080694,203,2852.166242
2616.70612,300,2853.99698
7227.403767,257,2855.560856
7864.838363,140,2856.396244
5779.411075,35,2856.617436
1689.805375,300,2858.412691
7721.661976,118,2859.13333
2553.263142,300,2860.951531
2513.542876,300,2862.763154
7691.257175,214,2864.066419
1109.92439,300,2866.160368
7769.315587,118,2866.883498
6914.317197,272,2868.525992
7880.658329,253,2870.063205
1340.003247,300,2871.878344
7540.841946,117,2872.587197
-403.045842,4,2872.61591
8017.842981,180,2873.708941
1121.917377,300,2875.507936
7557.189917,289,2877.248502
7135.632845,254,2878.760943
7167.663384,282,2880.452718
6891.757743,249,2881.969201
7318.487962,107,2882.62228
7165.252054,281,2884.298804
2386.407712,300,2886.099233
1327.058499,300,2887.918208
7366.184505,267,2889.544856
7477.460801,267,2891.169723
2023.7421,300,2892.974653
1596.743002,270,2894.606372
2071.518862,300,2896.775485
1196.420938,300,2898.542433
1896.519545,300,2900.369824
6045.127755,63,2900.754706
1745.030694,300,2902.576433
2161.771172,300,2904.381773
2033.056828,124,2905.162645
7425.910686,163,2906.374401
5491.389078,23,2906.55791
1283.898186,300,2908.697189
-213.491012,12,2908.768999
2245.542045,300,2910.572907
1115.993491,300,2912.389564
1472.099603,300,2914.217518
1984.615224,300,2916.029993
6285.258884,55,2916.369379
2112.243589,300,2918.174097
2267.663269,300,2920.000446
7884.475113,139,2920.834096
6227.328962,87,2921.36567
1740.824509,243,2922.843327
2245.832819,300,2924.64986
2043.401647,146,2925.542119
2769.240933,196,2926.756363
7225.638987,235,2928.437186
147.326938,37,2928.657564
1176.87197,65,2929.044564
1977.473978,123,2929.767598
2001.805547,231,2931.161142
2040.898716,299,2932.980413
453.008329,41,2933.23728
6360.813728,79,2933.718511
-175.115301,13,2933.799698
6432.513074,96,2934.380916
5869.43914,63,2934.765639
1420.12901,102,2935.374044
5852.203993,42,2935.663114
491.791722,55,2935.989734
6757.706548,104,2936.619281
7882.146709,126,2937.396034
2198.279448,124,2938.150875
799.283947,95,2938.722891
6190.890957,57,2939.071382
1377.635054,104,2939.705317
2457.881484,170,2940.735212
458.031465,62,2941.102201
2179.057742,180,2942.180331
2118.090866,118,2942.893366
2503.103799,300,2944.69269
2061.346988,300,2946.500603
6023.359163,44,2946.768599
1709.448699,124,2947.535998
7667.359566,180,2948.628299
799.590424,46,2948.902894
5774.307582,36,2949.129759
1562.909353,113,2949.809946
5583.569568,27,2949.978051
8050.539759,157,2950.93048
5606.429284,34,2951.141836
6295.578055,75,2951.600353
2078.35626,283,2953.326681
7549.558093,227,2954.694339
1765.161215,300,2956.499054
542.836861,59,2956.861478
7403.42562,118,2957.579656
1945.980284,300,2959.449258
1935.425505,300,2961.681797
1853.93376,300,2963.478165
2341.072309,178,2964.553935
7824.356915,190,2965.956621
2105.12018,300,2968.210595
1928.981635,300,2970.021666
1813.181295,300,2972.001314
2102.506425,255,2973.556023
7179.806629,271,2975.195613
2360.672799,164,2976.193669
6865.270975,101,2976.810061
6691.77282,94,2977.376085
6540.193766,101,2977.992192
1559.475163,206,2979.249322
7200.333231,266,2980.865384
5829.535036,38,2981.100213
7958.500162,169,2982.125683
7549.085316,288,2983.846206
5902.727194,45,2984.132883
6352.960804,80,2984.614197
2508.495449,140,2985.461434
5399.246799,18,2985.580393
570.953946,107,2986.230277
972.622326,105,2986.868561
1346.765462,256,2988.417529
2416.962971,200,2989.629706
1404.634796,107,2990.277141
2522.222949,265,2991.889793
-195.368489,11,2991.95565
7786.215676,123,2992.987858
-343.97877,6,2993.048694
5928.766114,72,2993.47341
6122.464493,92,2994.024938
7951.80403,131,2994.829278
7494.922067,115,2995.532649
680.173561,53,2995.856137
-135.068084,15,2995.948688
7420.184914,106,2996.577057
5352.721737,29,2996.755308
277.207993,47,2997.055619
122.620244,21,2997.183245
-213.768484,12,2997.264063
7419.285056,122,2997.98126
2317.151266,143,2998.858279
720.990347,103,2999.491971
7913.669727,153,3000.411951
971.001865,112,3001.093927
5722.292567,35,3001.309304
316.184038,38,3001.541989
6410.895311,112,3002.231833
7605.947266,178,3003.31754
6696.840549,97,3003.917817
842.382345,54,3004.246723
2747.577662,192,3005.414947
1640.971072,300,3007.221594
5741.125213,37,3007.45177
7767.539798,203,3008.689693
7975.112985,166,3009.698212
5641.084791,30,3009.88222
215.044183,34,3010.0889
2303.500105,150,3011.002548
7152.54903,257,3012.568666
7333.770787,283,3014.262921
-1064.579258,300,3016.145138
675.743297,55,3016.478019
2061.247412,137,3017.319589
1394.194873,109,3017.978576
1791.698187,222,3019.324634
1814.007773,226,3020.700345
7800.03559,184,3021.80904
529.533548,71,3022.246146
779.82431,54,3022.572573
685.351259,87,3023.09365
1945.645607,143,3023.982255
2382.628769,182,3025.088226
1656.339211,279,3027.564437
1682.913384,220,3029.103892
1903.295803,117,3029.83826
1298.540961,242,3031.298623
6161.245451,58,3031.654687
394.102114,33,3031.857853
508.609311,56,3032.204176
2230.041864,143,3033.070992
2092.126183,119,3033.798774
311.551275,91,3034.348369
7846.894162,138,3035.189833
1862.496638,251,3036.713951
2220.684187,188,3037.882687
1785.135245,269,3039.492501
954.328317,97,3040.086697
5120.706605,5,3040.121423
1729.231414,216,3041.40931
382.589065,33,3041.608809
7533.325205,121,3042.326888
1658.941407,208,3043.571921
7221.106476,209,3044.832717
1630.680308,214,3046.130991
1375.318757,243,3047.615948
842.772839,110,3048.280912
1119.58543,64,3048.669434
434.648934,54,3049.000021
883.921744,62,3049.379549
1809.901209,100,3049.971965
1716.80637,298,3051.729508
-4883.031791,300,3053.521524
1802.248028,132,3054.333196
7996.761088,186,3055.458243
2411.724411,210,3056.724856
7502.195563,197,3058.212121
5000,1,3058.223058
1057.367466,300,3060.037281
1012.368648,300,3061.851357
6003.297371,49,3062.144216
7476.053952,129,3062.93017
6263.645698,84,3063.440089
6052.571195,54,3063.769179
1051.051413,300,3065.58212
6968.14756,118,3066.298487
-567.061771,300,3068.11184
7416.164981,119,3068.832857
5591.689742,285,3070.567996
445.295578,300,3072.400904
859.921544,300,3074.216456
5235.782783,18,3074.329169
962.202051,300,3076.165277
5829.6657,34,3076.385743
6401.774014,100,3076.981884
5064.599055,7,3077.028614
6676.532017,289,3078.792524
-148.828841,18,3078.906118
949.164479,300,3080.735934
792.833575,253,3082.254373
2131.577743,300,3084.062274
2285.289698,300,3086.214932
7492.679051,177,3087.575296
553.09579,300,3089.802856
1333.978477,300,3091.591236
1085.151635,300,3093.408137
1114.538054,300,3095.208347
7791.720305,132,3095.996074
7578.062082,140,3096.859298
1136.114748,300,3098.656491
2258.638168,300,3100.455939
6605.50528,97,3101.051477
2318.200713,300,3102.875465
7475.634924,209,3104.13178
1710.200491,300,3105.942899
